image_id,label
00001.jpg,C
00006.jpg,A
00011.jpg,B
00016.jpg,A
00025.jpg,C
00028.jpg,A
00034.jpg,A
00035.jpg,A
00042.jpg,A
00043.jpg,B
00046.jpg,B
00066.jpg,A
00074.jpg,C
00079.jpg,C
00083.jpg,A
00088.jpg,A
00090.jpg,A
00095.jpg,C
00098.jpg,A
00106.jpg,A
00114.jpg,A
00120.jpg,B
00124.jpg,A
00135.jpg,A
00137.jpg,A
00138.jpg,A
00146.jpg,A
00151.jpg,C
00155.jpg,C
00156.jpg,C
00159.jpg,A
00168.jpg,A
00169.jpg,C
00173.jpg,A
00182.jpg,B
00185.jpg,B
00186.jpg,A
00188.jpg,C
00196.jpg,C
00207.jpg,B
00216.jpg,B
00220.jpg,C
00221.jpg,C
00222.jpg,A
00237.jpg,B
00238.jpg,A
00239.jpg,C
00241.jpg,B
00247.jpg,B
00250.jpg,C
00255.jpg,B
00257.jpg,A
00258.jpg,A
00262.jpg,A
00264.jpg,C
00270.jpg,B
00276.jpg,B
00277.jpg,B
00278.jpg,C
00279.jpg,C
00284.jpg,B
00286.jpg,A
00288.jpg,A
00290.jpg,C
00293.jpg,B
00303.jpg,A
00312.jpg,A
00314.jpg,A
00317.jpg,A
00327.jpg,B
00332.jpg,A
00333.jpg,B
00334.jpg,A
00337.jpg,C
00339.jpg,A
00343.jpg,B
00347.jpg,A
00353.jpg,C
00356.jpg,A
00357.jpg,A
00378.jpg,C
00383.jpg,C
00386.jpg,B
00387.jpg,B
00388.jpg,C
00389.jpg,B
00405.jpg,C
00408.jpg,C
00413.jpg,A
00419.jpg,B
00424.jpg,C
00429.jpg,C
00430.jpg,A
00434.jpg,C
00437.jpg,C
00438.jpg,B
00441.jpg,C
00450.jpg,A
00451.jpg,C
00454.jpg,C
00459.jpg,A
00464.jpg,C
00468.jpg,C
00469.jpg,A
00473.jpg,B
00476.jpg,A
00482.jpg,B
00483.jpg,B
00489.jpg,B
00496.jpg,C
00499.jpg,A
00501.jpg,C
00502.jpg,B
00503.jpg,A
00505.jpg,B
00506.jpg,A
00507.jpg,B
00508.jpg,C
00512.jpg,C
00515.jpg,A
00520.jpg,C
00524.jpg,C
00530.jpg,B
00533.jpg,B
00534.jpg,A
00540.jpg,A
00545.jpg,A
00550.jpg,A
00551.jpg,C
00559.jpg,B
00565.jpg,C
00578.jpg,A
00582.jpg,B
00592.jpg,B
00605.jpg,B
00610.jpg,B
00612.jpg,B
00624.jpg,A
00631.jpg,A
00639.jpg,A
00642.jpg,C
00643.jpg,A
00647.jpg,A
00666.jpg,C
00667.jpg,B
00670.jpg,B
00681.jpg,B
00684.jpg,C
00687.jpg,A
00690.jpg,A
00696.jpg,A
00704.jpg,C
00712.jpg,A
00720.jpg,B
00724.jpg,B
00725.jpg,B
00736.jpg,A
00740.jpg,C
00747.jpg,B
00750.jpg,B
00773.jpg,A
00782.jpg,C
00784.jpg,B
00787.jpg,A
00788.jpg,B
00795.jpg,A
00797.jpg,A
00802.jpg,B
00803.jpg,B
00804.jpg,B
00810.jpg,C
00814.jpg,B
00815.jpg,A
00821.jpg,A
00822.jpg,B
00823.jpg,A
00824.jpg,A
00826.jpg,B
00835.jpg,A
00836.jpg,C
00839.jpg,A
00841.jpg,A
00847.jpg,B
00850.jpg,A
00855.jpg,C
00858.jpg,C
00860.jpg,B
00862.jpg,A
00864.jpg,A
00890.jpg,A
00891.jpg,A
00909.jpg,B
00910.jpg,B
00920.jpg,C
00921.jpg,A
00931.jpg,A
00937.jpg,C
00939.jpg,B
00946.jpg,C
00947.jpg,A
00948.jpg,B
00949.jpg,B
00962.jpg,C
00971.jpg,A
00980.jpg,A
00981.jpg,C
00983.jpg,C
00987.jpg,A
00991.jpg,C
00993.jpg,A
01003.jpg,C
01005.jpg,B
01008.jpg,C
01010.jpg,A
01013.jpg,B
01015.jpg,A
01020.jpg,A
01029.jpg,A
01038.jpg,A
01041.jpg,C
01045.jpg,A
01048.jpg,C
01049.jpg,A
01056.jpg,C
01061.jpg,B
01063.jpg,C
01064.jpg,B
01069.jpg,A
01075.jpg,B
01076.jpg,C
01079.jpg,B
01088.jpg,B
01090.jpg,B
01092.jpg,B
01097.jpg,C
01102.jpg,C
01107.jpg,A
01108.jpg,A
01111.jpg,C
01112.jpg,A
01115.jpg,C
01116.jpg,A
01120.jpg,A
01123.jpg,C
01124.jpg,B
01134.jpg,B
01135.jpg,C
01137.jpg,A
01152.jpg,A
01158.jpg,C
01163.jpg,A
01169.jpg,B
01172.jpg,A
01174.jpg,C
01175.jpg,C
01184.jpg,C
01188.jpg,A
01197.jpg,B
01200.jpg,B
01204.jpg,A
01206.jpg,B
01208.jpg,C
01213.jpg,A
01217.jpg,A
01218.jpg,A
01219.jpg,B
01223.jpg,A
01228.jpg,C
01230.jpg,A
01235.jpg,B
01248.jpg,C
01251.jpg,C
01259.jpg,C
01260.jpg,A
01273.jpg,C
01277.jpg,A
01282.jpg,B
01294.jpg,B
01311.jpg,B
01315.jpg,A
01316.jpg,C
01326.jpg,B
01330.jpg,A
01339.jpg,B
01344.jpg,B
01348.jpg,C
01349.jpg,A
01352.jpg,A
01369.jpg,C
01373.jpg,C
01375.jpg,C
01380.jpg,C
01390.jpg,A
01398.jpg,A
01401.jpg,A
01409.jpg,C
01422.jpg,B
01423.jpg,A
01437.jpg,B
01439.jpg,A
01444.jpg,B
01447.jpg,C
01448.jpg,C
01450.jpg,B
01453.jpg,C
01456.jpg,C
01464.jpg,B
01470.jpg,C
01474.jpg,A
01477.jpg,C
01481.jpg,A
01482.jpg,C
01483.jpg,A
01484.jpg,B
01485.jpg,B
01488.jpg,C
01495.jpg,A
01498.jpg,C
01500.jpg,B
01503.jpg,C
01505.jpg,C
01512.jpg,C
01521.jpg,C
01523.jpg,B
01524.jpg,B
01531.jpg,C
01535.jpg,A
01537.jpg,A
01548.jpg,B
01550.jpg,B
01562.jpg,A
01565.jpg,B
01567.jpg,C
01570.jpg,C
01573.jpg,A
01576.jpg,B
01589.jpg,A
01590.jpg,B
01605.jpg,A
01610.jpg,B
01615.jpg,B
01620.jpg,C
01621.jpg,A
01623.jpg,B
01635.jpg,B
01652.jpg,B
01653.jpg,A
01655.jpg,B
01656.jpg,A
01660.jpg,B
01662.jpg,C
01666.jpg,A
01671.jpg,B
01673.jpg,B
01679.jpg,A
01681.jpg,B
01683.jpg,A
01687.jpg,B
01692.jpg,B
01693.jpg,C
01694.jpg,A
01698.jpg,A
01700.jpg,A
01705.jpg,C
01722.jpg,A
01738.jpg,C
01750.jpg,A
01751.jpg,A
01755.jpg,B
01761.jpg,C
01769.jpg,C
01772.jpg,B
01775.jpg,B
01776.jpg,A
01779.jpg,B
01787.jpg,C
01795.jpg,C
01799.jpg,B
01802.jpg,A
01805.jpg,C
01806.jpg,B
01817.jpg,B
01822.jpg,C
01828.jpg,C
01830.jpg,A
01841.jpg,B
01842.jpg,B
01849.jpg,B
01851.jpg,C
01852.jpg,C
01858.jpg,C
01859.jpg,C
01862.jpg,B
01864.jpg,B
01873.jpg,A
01877.jpg,B
01894.jpg,A
01895.jpg,A
01922.jpg,A
01924.jpg,C
01929.jpg,C
01939.jpg,C
01942.jpg,A
01944.jpg,C
01955.jpg,B
01956.jpg,A
01963.jpg,C
01973.jpg,B
01980.jpg,B
01989.jpg,C
01991.jpg,A
01993.jpg,C
01999.jpg,A
02003.jpg,B
02011.jpg,B
02015.jpg,C
02016.jpg,B
02019.jpg,C
02027.jpg,C
02028.jpg,B
02032.jpg,A
02040.jpg,A
02043.jpg,B
02044.jpg,B
02058.jpg,B
02067.jpg,B
02068.jpg,C
02073.jpg,A
02075.jpg,C
02076.jpg,B
02078.jpg,B
02089.jpg,B
02091.jpg,A
02095.jpg,B
02102.jpg,B
02110.jpg,A
02112.jpg,C
02113.jpg,B
02126.jpg,C
02136.jpg,A
02138.jpg,B
02141.jpg,C
02150.jpg,A
02168.jpg,C
02172.jpg,B
02173.jpg,A
02175.jpg,A
02186.jpg,A
02187.jpg,B
02202.jpg,B
02209.jpg,A
02212.jpg,A
02213.jpg,B
02227.jpg,C
02234.jpg,B
02237.jpg,A
02246.jpg,C
02250.jpg,C
02252.jpg,C
02254.jpg,A
02255.jpg,B
02257.jpg,B
02260.jpg,C
02263.jpg,B
02264.jpg,B
02271.jpg,C
02277.jpg,C
02278.jpg,A
02288.jpg,A
02298.jpg,C
02312.jpg,A
02313.jpg,B
02320.jpg,A
02326.jpg,A
02328.jpg,A
02329.jpg,B
02331.jpg,B
02332.jpg,C
02337.jpg,B
02347.jpg,C
02348.jpg,A
02351.jpg,C
02361.jpg,A
02364.jpg,C
02365.jpg,B
02373.jpg,C
02374.jpg,B
02376.jpg,A
02381.jpg,A
02385.jpg,B
02389.jpg,B
02390.jpg,A
02398.jpg,C
02402.jpg,A
02423.jpg,A
02430.jpg,B
02436.jpg,C
02445.jpg,A
02447.jpg,C
02452.jpg,C
02462.jpg,A
02471.jpg,B
02488.jpg,A
02490.jpg,C
02496.jpg,A
02501.jpg,B
02502.jpg,A
02505.jpg,A
02506.jpg,B
02507.jpg,B
02512.jpg,B
02515.jpg,B
02521.jpg,C
02525.jpg,C
02529.jpg,B
02533.jpg,A
02539.jpg,B
02542.jpg,C
02552.jpg,B
02556.jpg,A
02562.jpg,C
02563.jpg,B
02568.jpg,B
02571.jpg,B
02583.jpg,C
02593.jpg,A
02596.jpg,C
02600.jpg,A
02603.jpg,B
02604.jpg,A
02611.jpg,B
02618.jpg,B
02622.jpg,B
02625.jpg,A
02626.jpg,C
02632.jpg,A
02645.jpg,B
02646.jpg,A
02658.jpg,C
02676.jpg,B
02680.jpg,B
02683.jpg,A
02687.jpg,C
02692.jpg,B
02701.jpg,C
02706.jpg,C
02719.jpg,A
02720.jpg,B
02721.jpg,A
02722.jpg,C
02724.jpg,C
02727.jpg,A
02730.jpg,A
02734.jpg,C
02736.jpg,B
02737.jpg,B
02738.jpg,A
02740.jpg,C
02745.jpg,C
02746.jpg,A
02750.jpg,C
02760.jpg,A
02763.jpg,A
02768.jpg,C
02771.jpg,B
02773.jpg,B
02774.jpg,B
02775.jpg,A
02810.jpg,C
02811.jpg,B
02814.jpg,B
02820.jpg,A
02839.jpg,B
02845.jpg,C
02846.jpg,A
02847.jpg,A
02854.jpg,A
02865.jpg,B
02872.jpg,A
02879.jpg,A
02883.jpg,C
02885.jpg,A
02888.jpg,C
02904.jpg,B
02907.jpg,C
02909.jpg,A
02910.jpg,C
02915.jpg,B
02920.jpg,B
02923.jpg,C
02929.jpg,C
02935.jpg,C
02940.jpg,B
02941.jpg,B
02946.jpg,C
02951.jpg,B
02953.jpg,B
02955.jpg,C
02957.jpg,C
02969.jpg,C
02972.jpg,B
02974.jpg,C
02979.jpg,C
02984.jpg,C
02992.jpg,B
03000.jpg,B
03012.jpg,C
03016.jpg,B
03018.jpg,B
03027.jpg,C
03030.jpg,C
03036.jpg,C
03038.jpg,C
03042.jpg,A
03052.jpg,B
03053.jpg,B
03058.jpg,A
03063.jpg,A
03073.jpg,C
03085.jpg,A
03086.jpg,C
03087.jpg,C
03088.jpg,A
03089.jpg,B
03095.jpg,A
03107.jpg,B
03109.jpg,A
03111.jpg,A
03122.jpg,A
03123.jpg,A
03131.jpg,A
03132.jpg,A
03133.jpg,A
03149.jpg,A
03155.jpg,A
03157.jpg,A
03164.jpg,A
03166.jpg,B
03171.jpg,B
03175.jpg,B
03179.jpg,C
03183.jpg,A
03186.jpg,B
03188.jpg,C
03201.jpg,A
03204.jpg,A
03205.jpg,C
03206.jpg,B
03207.jpg,C
03214.jpg,B
03221.jpg,B
03222.jpg,B
03231.jpg,C
03242.jpg,A
03254.jpg,A
03258.jpg,A
03264.jpg,A
03266.jpg,C
03271.jpg,C
03274.jpg,B
03277.jpg,A
03279.jpg,C
03284.jpg,C
03290.jpg,A
03292.jpg,B
03296.jpg,A
03306.jpg,A
03347.jpg,A
03348.jpg,A
03350.jpg,B
03353.jpg,C
03355.jpg,C
03357.jpg,A
03359.jpg,A
03365.jpg,B
03366.jpg,A
03370.jpg,C
03374.jpg,C
03378.jpg,C
03392.jpg,C
03394.jpg,A
03397.jpg,C
03398.jpg,A
03403.jpg,A
03408.jpg,A
03410.jpg,B
03413.jpg,B
03419.jpg,C
03421.jpg,A
03422.jpg,B
03427.jpg,A
03429.jpg,B
03446.jpg,C
03447.jpg,B
03448.jpg,B
03460.jpg,B
03465.jpg,C
03475.jpg,B
03478.jpg,C
03479.jpg,C
03480.jpg,A
03483.jpg,C
03484.jpg,C
03489.jpg,B
03495.jpg,C
03508.jpg,C
03515.jpg,A
03520.jpg,C
03523.jpg,C
03524.jpg,A
03530.jpg,B
03531.jpg,C
03535.jpg,C
03537.jpg,B
03540.jpg,A
03544.jpg,C
03546.jpg,C
03548.jpg,C
03550.jpg,C
03554.jpg,B
03557.jpg,A
03563.jpg,A
03570.jpg,C
03573.jpg,B
03575.jpg,C
03576.jpg,C
03586.jpg,A
03590.jpg,C
03601.jpg,B
03606.jpg,A
03613.jpg,A
03620.jpg,A
03629.jpg,B
03632.jpg,B
03633.jpg,C
03636.jpg,B
03644.jpg,C
03646.jpg,C
03648.jpg,A
03649.jpg,B
03651.jpg,A
03663.jpg,A
03676.jpg,C
03688.jpg,B
03689.jpg,A
03694.jpg,C
03695.jpg,B
03703.jpg,A
03709.jpg,B
03712.jpg,A
03714.jpg,B
03718.jpg,C
03719.jpg,C
03725.jpg,A
03727.jpg,C
03728.jpg,B
03730.jpg,B
03734.jpg,A
03743.jpg,B
03745.jpg,B
03747.jpg,C
03749.jpg,A
03756.jpg,C
03758.jpg,C
03767.jpg,A
03770.jpg,B
03774.jpg,B
03793.jpg,C
03797.jpg,C
03800.jpg,C
03810.jpg,B
03829.jpg,A
03833.jpg,B
03851.jpg,C
03863.jpg,C
03864.jpg,A
03866.jpg,A
03867.jpg,B
03880.jpg,B
03891.jpg,C
03900.jpg,C
03904.jpg,C
03913.jpg,A
03930.jpg,C
03931.jpg,A
03943.jpg,B
03948.jpg,B
03953.jpg,B
03958.jpg,A
03959.jpg,B
03961.jpg,B
03963.jpg,B
03975.jpg,B
03976.jpg,C
03980.jpg,A
03981.jpg,C
03982.jpg,B
03989.jpg,A
04001.jpg,C
04006.jpg,B
04010.jpg,B
04013.jpg,B
04017.jpg,A
04022.jpg,A
04025.jpg,C
04029.jpg,B
04030.jpg,C
04034.jpg,C
04036.jpg,B
04042.jpg,B
04043.jpg,C
04044.jpg,B
04051.jpg,A
04052.jpg,A
04064.jpg,A
04068.jpg,C
04072.jpg,B
04079.jpg,B
04080.jpg,B
04086.jpg,C
04101.jpg,A
04105.jpg,C
04108.jpg,B
04112.jpg,B
04118.jpg,C
04124.jpg,B
04128.jpg,B
04133.jpg,B
04138.jpg,C
04142.jpg,A
04144.jpg,A
04145.jpg,B
04155.jpg,A
04156.jpg,B
04157.jpg,B
04163.jpg,A
04165.jpg,C
04166.jpg,A
04172.jpg,A
04174.jpg,C
04185.jpg,C
04186.jpg,A
04193.jpg,B
04195.jpg,A
04196.jpg,A
04201.jpg,A
04207.jpg,B
04226.jpg,A
04237.jpg,C
04239.jpg,C
04240.jpg,B
04243.jpg,A
04248.jpg,A
04260.jpg,B
04262.jpg,B
04264.jpg,C
04274.jpg,C
04275.jpg,A
04278.jpg,B
04280.jpg,A
04285.jpg,A
04302.jpg,B
04303.jpg,A
04310.jpg,C
04312.jpg,A
04314.jpg,C
04326.jpg,B
04327.jpg,B
04329.jpg,A
04331.jpg,B
04335.jpg,B
04338.jpg,A
04352.jpg,A
04363.jpg,B
04365.jpg,C
04369.jpg,A
04370.jpg,C
04374.jpg,A
04375.jpg,C
04376.jpg,A
04379.jpg,B
04383.jpg,C
04389.jpg,A
04392.jpg,B
04396.jpg,A
04403.jpg,B
04405.jpg,A
04415.jpg,A
04418.jpg,A
04421.jpg,A
04426.jpg,B
04428.jpg,A
04435.jpg,B
04442.jpg,B
04462.jpg,B
04464.jpg,C
04466.jpg,A
04470.jpg,A
04475.jpg,C
04476.jpg,C
04479.jpg,C
04492.jpg,C
04493.jpg,A
04494.jpg,A
04507.jpg,A
04510.jpg,B
04520.jpg,A
04523.jpg,B
04524.jpg,B
04530.jpg,C
04532.jpg,A
04537.jpg,A
04538.jpg,A
04541.jpg,C
04545.jpg,A
04551.jpg,A
04554.jpg,C
04555.jpg,C
04556.jpg,A
04569.jpg,A
04572.jpg,B
04584.jpg,B
04589.jpg,A
04591.jpg,B
04600.jpg,C
04602.jpg,A
04610.jpg,B
04620.jpg,B
04622.jpg,C
04625.jpg,C
04628.jpg,C
04629.jpg,B
04630.jpg,A
04637.jpg,C
04641.jpg,A
04652.jpg,B
04658.jpg,C
04661.jpg,A
04662.jpg,A
04668.jpg,C
04681.jpg,A
04685.jpg,B
04686.jpg,C
04689.jpg,A
04690.jpg,A
04694.jpg,C
04696.jpg,C
04700.jpg,B
04701.jpg,B
04702.jpg,C
04710.jpg,A
04721.jpg,B
04724.jpg,A
04726.jpg,A
04736.jpg,A
04741.jpg,B
04746.jpg,B
04748.jpg,B
04755.jpg,A
04757.jpg,B
04759.jpg,A
04776.jpg,C
04785.jpg,B
04786.jpg,B
04796.jpg,B
04797.jpg,B
04798.jpg,C
04803.jpg,A
04807.jpg,B
04808.jpg,B
04820.jpg,A
04821.jpg,B
04826.jpg,C
04829.jpg,C
04834.jpg,C
04836.jpg,B
04851.jpg,A
04855.jpg,B
04856.jpg,B
04857.jpg,B
04864.jpg,A
04868.jpg,C
04871.jpg,B
04877.jpg,A
04886.jpg,B
04892.jpg,B
04893.jpg,B
04897.jpg,A
04901.jpg,B
04903.jpg,B
04905.jpg,B
04916.jpg,B
04924.jpg,B
04936.jpg,A
04938.jpg,A
04939.jpg,A
04940.jpg,B
04942.jpg,B
04954.jpg,A
04956.jpg,B
04962.jpg,B
04963.jpg,C
04967.jpg,C
04968.jpg,C
04973.jpg,B
04975.jpg,A
04976.jpg,A
04980.jpg,C
04983.jpg,A
04985.jpg,C
04993.jpg,C
05000.jpg,B
05006.jpg,B
05007.jpg,C
05013.jpg,C
05015.jpg,A
05016.jpg,B
05017.jpg,C
05039.jpg,C
05041.jpg,A
05045.jpg,A
05047.jpg,A
05049.jpg,B
05055.jpg,C
05060.jpg,C
05061.jpg,A
05068.jpg,B
05070.jpg,C
05073.jpg,B
05082.jpg,A
05086.jpg,C
05088.jpg,A
05090.jpg,A
05092.jpg,A
05096.jpg,A
05097.jpg,B
05105.jpg,B
05109.jpg,A
05112.jpg,B
05115.jpg,B
05116.jpg,B
05117.jpg,C
05121.jpg,A
05124.jpg,A
05128.jpg,A
05135.jpg,B
05141.jpg,A
05142.jpg,B
05146.jpg,A
05162.jpg,A
05165.jpg,A
05170.jpg,C
05174.jpg,A
05175.jpg,C
05176.jpg,A
05182.jpg,A
05184.jpg,A
05189.jpg,B
05194.jpg,A
05196.jpg,B
05199.jpg,B
05206.jpg,B
05207.jpg,A
05208.jpg,A
05209.jpg,A
05211.jpg,B
05215.jpg,B
05220.jpg,A
05223.jpg,C
05225.jpg,A
05234.jpg,B
05235.jpg,C
05236.jpg,B
05243.jpg,B
05255.jpg,C
05265.jpg,B
05274.jpg,C
05280.jpg,A
05287.jpg,B
05296.jpg,B
05298.jpg,B
05301.jpg,B
05304.jpg,C
05308.jpg,A
05319.jpg,C
05326.jpg,A
05327.jpg,B
05329.jpg,B
05332.jpg,B
05334.jpg,C
05337.jpg,C
05346.jpg,B
05351.jpg,B
05355.jpg,A
05363.jpg,A
05366.jpg,A
05377.jpg,A
05378.jpg,C
05380.jpg,A
05382.jpg,A
05383.jpg,A
05397.jpg,A
05398.jpg,B
05400.jpg,B
05419.jpg,C
05425.jpg,A
05427.jpg,B
05440.jpg,C
05442.jpg,A
05453.jpg,C
05454.jpg,B
05456.jpg,B
05461.jpg,B
05465.jpg,A
05470.jpg,A
05484.jpg,B
05490.jpg,C
05500.jpg,A
05507.jpg,A
05510.jpg,C
05521.jpg,B
05526.jpg,C
05532.jpg,B
05533.jpg,A
05543.jpg,B
05549.jpg,B
05554.jpg,B
05557.jpg,A
05558.jpg,B
05579.jpg,C
05583.jpg,B
05599.jpg,C
05604.jpg,A
05608.jpg,B
05616.jpg,C
05620.jpg,C
05627.jpg,A
05628.jpg,C
05636.jpg,A
05637.jpg,A
05645.jpg,C
05651.jpg,B
05655.jpg,A
05658.jpg,B
05664.jpg,A
05670.jpg,B
05672.jpg,A
05691.jpg,A
05693.jpg,B
05694.jpg,C
05705.jpg,C
05706.jpg,B
05708.jpg,B
05709.jpg,B
05712.jpg,C
05717.jpg,B
05719.jpg,C
05720.jpg,A
05727.jpg,C
05728.jpg,B
05737.jpg,C
05739.jpg,C
05749.jpg,A
05753.jpg,B
05758.jpg,A
05764.jpg,B
05766.jpg,C
05779.jpg,B
05780.jpg,A
05791.jpg,C
05804.jpg,C
05807.jpg,A
05809.jpg,A
05815.jpg,C
05817.jpg,A
05831.jpg,B
05832.jpg,A
05839.jpg,B
05851.jpg,C
05856.jpg,C
05866.jpg,B
05880.jpg,C
05883.jpg,A
05887.jpg,A
05893.jpg,B
05895.jpg,A
05897.jpg,C
05901.jpg,C
05902.jpg,A
05908.jpg,C
05917.jpg,A
05918.jpg,C
05919.jpg,A
05928.jpg,A
05929.jpg,B
05931.jpg,C
05932.jpg,C
05937.jpg,B
05945.jpg,A
05947.jpg,B
05966.jpg,C
05977.jpg,B
05981.jpg,B
05984.jpg,B
05987.jpg,B
05991.jpg,C
05997.jpg,B
05999.jpg,A
06004.jpg,C
06015.jpg,B
06020.jpg,B
06021.jpg,A
06028.jpg,B
06030.jpg,C
06043.jpg,C
06044.jpg,C
06047.jpg,A
06054.jpg,B
06057.jpg,A
06070.jpg,A
06077.jpg,B
06089.jpg,A
06095.jpg,C
06098.jpg,A
06099.jpg,C
06100.jpg,A
06101.jpg,A
06102.jpg,C
06107.jpg,C
06109.jpg,B
06110.jpg,A
06114.jpg,C
06123.jpg,A
06130.jpg,B
06144.jpg,A
06147.jpg,C
06148.jpg,C
06152.jpg,C
06157.jpg,B
06158.jpg,A
06163.jpg,A
06174.jpg,B
06178.jpg,A
06179.jpg,B
06208.jpg,A
06212.jpg,C
06214.jpg,B
06215.jpg,B
06220.jpg,C
06234.jpg,C
06235.jpg,B
06243.jpg,C
06244.jpg,B
06248.jpg,A
06250.jpg,B
06251.jpg,C
06252.jpg,A
06262.jpg,B
06265.jpg,B
06267.jpg,A
06268.jpg,A
06270.jpg,B
06272.jpg,C
06273.jpg,B
06280.jpg,A
06286.jpg,C
06293.jpg,A
06298.jpg,A
06300.jpg,A
06302.jpg,A
06308.jpg,B
06313.jpg,B
06320.jpg,C
06328.jpg,B
06329.jpg,A
06336.jpg,A
06337.jpg,B
06342.jpg,B
06345.jpg,B
06346.jpg,A
06347.jpg,B
06350.jpg,B
06351.jpg,A
06352.jpg,B
06354.jpg,A
06355.jpg,B
06371.jpg,C
06373.jpg,C
06374.jpg,A
06376.jpg,C
06382.jpg,A
06383.jpg,C
06385.jpg,A
06393.jpg,A
06395.jpg,B
06400.jpg,C
06408.jpg,C
06410.jpg,A
06432.jpg,C
06442.jpg,B
06443.jpg,A
06445.jpg,B
06447.jpg,B
06449.jpg,B
06452.jpg,A
06453.jpg,C
06459.jpg,B
06467.jpg,A
06478.jpg,C
06484.jpg,A
06487.jpg,C
06493.jpg,C
06494.jpg,B
06498.jpg,C
06502.jpg,A
06506.jpg,B
06512.jpg,A
06514.jpg,C
06523.jpg,A
06524.jpg,B
06530.jpg,B
06532.jpg,B
06533.jpg,A
06546.jpg,A
06549.jpg,C
06550.jpg,B
06552.jpg,C
06561.jpg,B
06562.jpg,B
06567.jpg,B
06569.jpg,B
06575.jpg,A
06577.jpg,B
06580.jpg,B
06581.jpg,B
06583.jpg,B
06584.jpg,A
06585.jpg,B
06594.jpg,C
06618.jpg,C
06619.jpg,A
06624.jpg,A
06635.jpg,B
06637.jpg,A
06640.jpg,C
06645.jpg,B
06655.jpg,B
06663.jpg,B
06671.jpg,A
06672.jpg,A
06673.jpg,B
06681.jpg,C
06683.jpg,C
06689.jpg,B
06695.jpg,A
06698.jpg,C
06700.jpg,A
06702.jpg,C
06703.jpg,C
06705.jpg,B
06709.jpg,C
06716.jpg,B
06729.jpg,B
06735.jpg,A
06741.jpg,B
06744.jpg,C
06750.jpg,A
06759.jpg,A
06766.jpg,B
06768.jpg,B
06788.jpg,B
06789.jpg,C
06790.jpg,C
06793.jpg,B
06798.jpg,A
06806.jpg,A
06809.jpg,C
06817.jpg,A
06819.jpg,A
06821.jpg,A
06831.jpg,C
06832.jpg,C
06841.jpg,B
06843.jpg,C
06848.jpg,B
06850.jpg,A
06851.jpg,B
06856.jpg,A
06860.jpg,C
06861.jpg,B
06872.jpg,A
06896.jpg,B
06898.jpg,A
06899.jpg,A
06903.jpg,A
06908.jpg,C
06909.jpg,B
06921.jpg,A
06922.jpg,A
06923.jpg,A
06926.jpg,B
06927.jpg,B
06933.jpg,B
06935.jpg,B
06961.jpg,A
06965.jpg,C
06966.jpg,A
06967.jpg,C
06971.jpg,B
06973.jpg,A
06976.jpg,B
06977.jpg,C
06986.jpg,C
06989.jpg,A
07006.jpg,C
07017.jpg,B
07020.jpg,B
07022.jpg,C
07025.jpg,A
07033.jpg,A
07040.jpg,B
07044.jpg,A
07048.jpg,A
07055.jpg,A
07057.jpg,C
07061.jpg,B
07064.jpg,B
07066.jpg,A
07075.jpg,B
07078.jpg,B
07079.jpg,B
07080.jpg,C
07083.jpg,C
07085.jpg,A
07096.jpg,B
07102.jpg,C
07127.jpg,A
07132.jpg,B
07134.jpg,A
07135.jpg,C
07136.jpg,C
07150.jpg,A
07151.jpg,A
07167.jpg,A
07169.jpg,B
07174.jpg,B
07176.jpg,B
07179.jpg,C
07183.jpg,B
07186.jpg,C
07199.jpg,A
07203.jpg,C
07209.jpg,B
07211.jpg,B
07213.jpg,A
07218.jpg,A
07225.jpg,B
07230.jpg,A
07234.jpg,A
07238.jpg,B
07246.jpg,A
07259.jpg,B
07261.jpg,A
07273.jpg,A
07281.jpg,B
07288.jpg,B
07304.jpg,C
07310.jpg,A
07314.jpg,C
07318.jpg,B
07322.jpg,B
07325.jpg,B
07330.jpg,A
07331.jpg,A
07335.jpg,B
07340.jpg,B
07345.jpg,B
07350.jpg,B
07355.jpg,C
07360.jpg,B
07362.jpg,A
07363.jpg,C
07367.jpg,B
07368.jpg,C
07371.jpg,B
07376.jpg,B
07377.jpg,C
07383.jpg,A
07384.jpg,A
07387.jpg,B
07396.jpg,B
07410.jpg,B
07411.jpg,C
07420.jpg,B
07423.jpg,C
07425.jpg,A
07426.jpg,A
07431.jpg,A
07433.jpg,C
07436.jpg,C
07452.jpg,B
07453.jpg,A
07454.jpg,C
07465.jpg,C
07478.jpg,A
07497.jpg,C
07508.jpg,A
07514.jpg,A
07524.jpg,B
07532.jpg,B
07540.jpg,B
07544.jpg,B
07549.jpg,B
07552.jpg,B
07569.jpg,B
07573.jpg,A
07576.jpg,B
07578.jpg,C
07586.jpg,A
07591.jpg,B
07592.jpg,B
07603.jpg,A
07605.jpg,A
07606.jpg,B
07607.jpg,C
07610.jpg,A
07619.jpg,A
07630.jpg,B
07648.jpg,A
07652.jpg,C
07654.jpg,C
07662.jpg,B
07666.jpg,A
07671.jpg,A
07674.jpg,A
07692.jpg,B
07693.jpg,C
07709.jpg,C
07714.jpg,C
07717.jpg,C
07719.jpg,B
07721.jpg,B
07726.jpg,A
07727.jpg,C
07733.jpg,B
07738.jpg,C
07743.jpg,A
07756.jpg,C
07757.jpg,C
07758.jpg,A
07759.jpg,B
07761.jpg,B
07769.jpg,C
07770.jpg,C
07776.jpg,C
07778.jpg,B
07779.jpg,A
07793.jpg,A
07794.jpg,A
07808.jpg,A
07823.jpg,C
07832.jpg,A
07837.jpg,C
07842.jpg,C
07854.jpg,B
07856.jpg,B
07857.jpg,A
07862.jpg,C
07863.jpg,C
07869.jpg,C
07872.jpg,A
07880.jpg,C
07888.jpg,C
07889.jpg,A
07891.jpg,B
07896.jpg,B
07907.jpg,C
07912.jpg,A
07915.jpg,A
07918.jpg,A
07922.jpg,A
07929.jpg,B
07935.jpg,A
07938.jpg,C
07943.jpg,A
07944.jpg,B
07945.jpg,B
07947.jpg,B
07949.jpg,B
07955.jpg,B
07959.jpg,B
07962.jpg,B
07971.jpg,B
07972.jpg,A
07975.jpg,A
07977.jpg,A
07991.jpg,C
07992.jpg,A
07994.jpg,B
07997.jpg,C
